time,ticker,percentage_change
2026-06-15 13:00:00,BTC-USD,-0.2053952778813052
2026-06-15 11:00:00,BTC-USD,0.47790429414151264
2026-06-15 10:00:00,BTC-USD,0.49795851430279486
2026-06-15 08:00:00,BTC-USD,-0.028972293012963734
2026-06-15 07:00:00,BTC-USD,-0.21265839504738637
2026-06-15 06:00:00,BTC-USD,-0.08236796261301561
2026-06-15 05:00:00,BTC-USD,0.3455210529412283
2026-06-15 04:00:00,BTC-USD,-0.4240739989740547
2026-06-15 03:00:00,BTC-USD,0.6826667672912236
2026-06-15 01:00:00,BTC-USD,-0.1523384067536118
2026-06-15 00:00:00,BTC-USD,-0.17659147538301517
2026-06-14 23:00:00,BTC-USD,0.4980716050672031
2026-06-14 22:00:00,BTC-USD,-0.15045416946691353
2026-06-14 21:00:00,BTC-USD,2.0362233651053763
2026-06-14 20:00:00,BTC-USD,0.3009550034328187
2026-06-14 19:00:00,BTC-USD,-0.011649715473155766
2026-06-14 15:00:00,BTC-USD,0.0671555076099292
2026-06-14 11:00:00,BTC-USD,0.03040852029777816
2026-06-14 10:00:00,BTC-USD,-0.13915442935614036
2026-06-14 08:00:00,BTC-USD,0.03924035905808095
2026-06-14 05:00:00,BTC-USD,0.06591567021756059
2026-06-14 04:00:00,BTC-USD,-0.3306875143744607
2026-06-14 02:00:00,BTC-USD,-0.13783934526553077
2026-06-13 22:00:00,BTC-USD,-0.027046215630106205
2026-06-13 18:00:00,BTC-USD,0.2952686029056415
2026-06-13 13:00:00,BTC-USD,-0.0675284660636553
2026-06-13 08:00:00,BTC-USD,-0.06496094048210188
2026-06-13 03:00:00,BTC-USD,-0.16865904543070703
2026-06-12 22:00:00,BTC-USD,0.046689508794104134
2026-06-12 21:00:00,BTC-USD,0.029042548781472593
2026-06-12 15:00:00,BTC-USD,-0.6692186360332627
2026-06-12 14:00:00,BTC-USD,1.2837870272859722
2026-06-12 07:00:00,BTC-USD,0.15492184651344512
2026-06-12 05:00:00,BTC-USD,-0.5750413350476086
2026-06-12 01:00:00,BTC-USD,-0.334687812861449
2026-06-12 00:00:00,BTC-USD,0.017680416606415797
2026-06-11 23:00:00,BTC-USD,0.21246583676715886
2026-06-11 18:00:00,BTC-USD,-0.257851427836607
2026-06-11 15:00:00,BTC-USD,0.024747175190988038
2026-06-11 13:00:00,BTC-USD,0.1718607508261223
2026-06-11 09:00:00,BTC-USD,-0.06248867159892361
2026-06-11 07:00:00,BTC-USD,-0.06410284374573494
2026-06-11 06:00:00,BTC-USD,0.22813559499876712
2026-06-11 05:00:00,BTC-USD,-0.16299583564566825
2026-06-11 04:00:00,BTC-USD,0.06275139473366188
2026-06-11 02:00:00,BTC-USD,-0.1351735591543177
2026-06-11 00:00:00,BTC-USD,0.4962817008834933
2026-06-10 21:00:00,BTC-USD,-0.7178351705064179
2026-06-10 18:00:00,BTC-USD,-0.1774490133703656
2026-06-10 15:00:00,BTC-USD,0.6981602807500278
2026-06-10 13:00:00,BTC-USD,0.9135831679006884
2026-06-10 12:00:00,BTC-USD,0.8742744057916356
2026-06-10 11:00:00,BTC-USD,-0.5715490448545586
2026-06-10 08:00:00,BTC-USD,-0.661500710613673
2026-06-10 07:00:00,BTC-USD,0.3546537920266206
2026-06-10 06:00:00,BTC-USD,0.1703520858239657
2026-06-10 00:00:00,BTC-USD,0.29162969221044444
2026-06-09 22:00:00,BTC-USD,-0.061985776435139396
2026-06-09 21:00:00,BTC-USD,-0.6514161833861516
2026-06-09 20:00:00,BTC-USD,0.07938968198493718
2026-06-09 19:00:00,BTC-USD,0.5190174346523271
2026-06-09 17:00:00,BTC-USD,0.4733549673236075
2026-06-09 15:00:00,BTC-USD,-0.6419577022120694
2026-06-09 14:00:00,BTC-USD,-1.1693010563399069
2026-06-09 12:00:00,BTC-USD,-0.10223799666637182
2026-06-09 10:00:00,BTC-USD,0.10852208656234516
2026-06-09 08:00:00,BTC-USD,-0.5546684096357509
2026-06-09 06:00:00,BTC-USD,-0.06787367031623392
2026-06-09 05:00:00,BTC-USD,0.15784517267919515
2026-06-09 03:00:00,BTC-USD,-0.01622782246799511
2026-06-09 02:00:00,BTC-USD,0.17218879502709594
2026-06-09 01:00:00,BTC-USD,0.3317970496281253
2026-06-08 23:00:00,BTC-USD,-0.5615544902493272
2026-06-08 22:00:00,BTC-USD,-0.394128170645516
2026-06-08 17:00:00,BTC-USD,0.05005810579537014
2026-06-08 15:00:00,BTC-USD,-0.3859059941740478
2026-06-08 05:00:00,BTC-USD,0.11548681708381946
2026-06-08 04:00:00,BTC-USD,-0.6323201946240649
2026-06-08 03:00:00,BTC-USD,-0.00784432306278034
2026-06-08 00:00:00,BTC-USD,0.4945109335745325
2026-06-07 23:00:00,BTC-USD,0.7740309425838082
2026-06-07 18:00:00,BTC-USD,-0.19628028301234834
2026-06-07 17:00:00,BTC-USD,0.1614318091508882
2026-06-07 14:00:00,BTC-USD,0.3250292746128429
2026-06-07 10:00:00,BTC-USD,-0.261245002255937
2026-06-07 09:00:00,BTC-USD,-0.517349119821978
2026-06-07 08:00:00,BTC-USD,0.7396036246233955
2026-06-07 07:00:00,BTC-USD,0.4911780898334751
2026-06-07 05:00:00,BTC-USD,-0.21603834955442014
2026-06-06 22:00:00,BTC-USD,-0.3118706376731829
2026-06-06 15:00:00,BTC-USD,-0.07699423947129637
2026-06-06 13:00:00,BTC-USD,-0.3767467698065966
2026-06-06 10:00:00,BTC-USD,-0.5846757327037302
2026-06-06 09:00:00,BTC-USD,-0.42928348070681327
2026-06-06 07:00:00,BTC-USD,0.3596057222369857
2026-06-06 06:00:00,BTC-USD,-0.2976510448110061
2026-06-06 05:00:00,BTC-USD,1.4619634569973086
2026-06-06 03:00:00,BTC-USD,-0.42153757986622026
2026-06-05 23:00:00,BTC-USD,-0.9700778613040374
2026-06-05 18:00:00,BTC-USD,-2.3103746695521186
2026-06-05 12:00:00,BTC-USD,0.025004373556505463
2026-06-05 10:00:00,BTC-USD,-0.5240528244252023
2026-06-05 08:00:00,BTC-USD,-1.0069232675006745
2026-06-05 02:00:00,BTC-USD,-1.182721293352849
2026-06-05 01:00:00,BTC-USD,-0.08760183111629867
2026-06-04 23:00:00,BTC-USD,0.23201995674761666
2026-06-04 20:00:00,BTC-USD,0.05654542494765952
2026-06-04 19:00:00,BTC-USD,-0.2849316889196046
2026-06-04 11:00:00,BTC-USD,0.12360029381598488
2026-06-04 02:00:00,BTC-USD,1.597454793225521
2026-06-04 00:00:00,BTC-USD,-1.2575849159329335
2026-06-03 22:00:00,BTC-USD,-1.2235597166493286
2026-06-03 18:00:00,BTC-USD,0.11210076187240892
2026-06-03 16:00:00,BTC-USD,-0.11768615393060279
2026-06-03 12:00:00,BTC-USD,0.022409877237969215
2026-06-03 11:00:00,BTC-USD,-0.33983743750782625
2026-06-03 10:00:00,BTC-USD,0.31284674323647665
2026-06-03 07:00:00,BTC-USD,0.403327254113231
2026-06-03 06:00:00,BTC-USD,-0.5126077472244593
2026-06-03 05:00:00,BTC-USD,1.196361510532683
2026-06-03 04:00:00,BTC-USD,0.9796704331091977
2026-06-03 03:00:00,BTC-USD,-1.1592736015829834
2026-06-03 02:00:00,BTC-USD,-0.44299440270585766
2026-06-03 00:00:00,BTC-USD,0.2722853971016232
2026-06-02 23:00:00,BTC-USD,0.5347098310418741
2026-06-02 20:00:00,BTC-USD,0.4611645291192759
2026-06-02 18:00:00,BTC-USD,-0.20889331084414936
2026-06-02 13:00:00,BTC-USD,-0.3416401540085642
2026-06-02 11:00:00,BTC-USD,-0.2739971338657267
2026-06-02 09:00:00,BTC-USD,-0.5756224078362637
2026-06-02 06:00:00,BTC-USD,-0.22738522029474334
2026-06-02 05:00:00,BTC-USD,-0.7662793758291709
2026-06-02 04:00:00,BTC-USD,-0.23462722074835313
2026-06-02 03:00:00,BTC-USD,0.1435093389856472
2026-06-02 02:00:00,BTC-USD,0.2633323346876888
2026-06-01 23:00:00,BTC-USD,0.0018516183198897444
2026-06-01 18:00:00,BTC-USD,-0.19213597805982524
2026-06-01 13:00:00,BTC-USD,-0.7409308334924828
2026-06-01 12:00:00,BTC-USD,-0.42409604977981474
2026-06-01 09:00:00,BTC-USD,-0.023050262234291536
2026-06-01 08:00:00,BTC-USD,0.11424749161005057
2026-06-01 03:00:00,BTC-USD,-0.03748844786481767
2026-06-01 02:00:00,BTC-USD,0.7219440650043293
2026-05-31 18:00:00,BTC-USD,-0.16416569060180078
2026-05-31 17:00:00,BTC-USD,0.23644415235941893
2026-05-31 16:00:00,BTC-USD,-0.15685263840691685
2026-05-31 15:00:00,BTC-USD,0.08441839500217585
2026-05-31 13:00:00,BTC-USD,-0.059054409657020794
2026-05-31 12:00:00,BTC-USD,-0.016668793922271986
2026-05-31 11:00:00,BTC-USD,0.045055440635010706
2026-05-31 09:00:00,BTC-USD,-0.1171242488575438
2026-05-31 08:00:00,BTC-USD,0.1065159230500839
2026-05-31 03:00:00,BTC-USD,0.07038431738142038
2026-05-31 01:00:00,BTC-USD,0.03518611276319429
2026-05-31 00:00:00,BTC-USD,0.16726800497304434
2026-05-30 22:00:00,BTC-USD,-0.14554780033840947
2026-05-30 21:00:00,BTC-USD,-0.047712996176298254
2026-05-30 20:00:00,BTC-USD,-0.04439881467850184
2026-05-30 19:00:00,BTC-USD,-0.03453457578902206
2026-05-30 18:00:00,BTC-USD,0.030972352154586918
2026-05-30 16:00:00,BTC-USD,0.006498155592726511
2026-05-30 15:00:00,BTC-USD,-0.03339206216933288
2026-05-30 10:00:00,BTC-USD,0.04550452101550108
2026-05-30 07:00:00,BTC-USD,-0.06596647529727698
2026-05-30 05:00:00,BTC-USD,0.29699273007422367
2026-05-30 04:00:00,BTC-USD,-0.18194203007725196
2026-05-30 00:00:00,BTC-USD,0.03010115884670077
2026-05-29 22:00:00,BTC-USD,0.08300984535127284
2026-05-29 19:00:00,BTC-USD,0.1750736679500782
2026-05-29 17:00:00,BTC-USD,-0.13469534448519227
2026-05-29 15:00:00,BTC-USD,0.9552484994609169
2026-05-29 14:00:00,BTC-USD,-0.1034174388391577
2026-05-29 13:00:00,BTC-USD,-0.22800363319738023
2026-05-29 12:00:00,BTC-USD,-0.2413201069310385
2026-05-29 09:00:00,BTC-USD,0.09667273946627684
2026-05-29 06:00:00,BTC-USD,0.15373792451678156
2026-05-29 05:00:00,BTC-USD,0.2841324331796421
2026-05-29 03:00:00,BTC-USD,0.07245803992616394
2026-05-29 00:00:00,BTC-USD,0.14384576367531027
2026-05-28 23:00:00,BTC-USD,0.15333361716621255
2026-05-28 22:00:00,BTC-USD,-0.46679485797465153
2026-05-28 20:00:00,BTC-USD,0.22271477589991687
2026-05-28 19:00:00,BTC-USD,-0.3055735372062905
2026-05-28 05:00:00,BTC-USD,-0.24566234701994008
2026-05-28 04:00:00,BTC-USD,-0.09960540401794159
2026-05-28 02:00:00,BTC-USD,-0.10754227130034698
2026-05-28 01:00:00,BTC-USD,-0.33706756985036823
2026-05-28 00:00:00,BTC-USD,0.18302135483957796
2026-05-27 23:00:00,BTC-USD,0.06597283690456543
2026-05-27 21:00:00,BTC-USD,-1.0286572037358788
2026-05-27 20:00:00,BTC-USD,0.3124813896739194
2026-05-27 19:00:00,BTC-USD,0.031726067058952895
2026-05-27 17:00:00,BTC-USD,-0.5985683751178157
2026-05-27 16:00:00,BTC-USD,-0.016315880433486963
2026-05-27 10:00:00,BTC-USD,-0.000989628997366659
2026-05-27 09:00:00,BTC-USD,0.033266720832505356
2026-05-27 08:00:00,BTC-USD,-0.11919216306377832
2026-05-27 05:00:00,BTC-USD,0.16429525598095512
2026-05-27 02:00:00,BTC-USD,-0.026621861105234092
2026-05-27 01:00:00,BTC-USD,-0.26416748008433694
2026-05-26 19:00:00,BTC-USD,0.2663675453201446
2026-05-26 16:00:00,BTC-USD,0.051657619596029644
2026-05-26 11:00:00,BTC-USD,-0.33519391710398916
2026-05-26 09:00:00,BTC-USD,-0.07401421244127843
2026-05-26 02:00:00,BTC-USD,-0.13932268758313543
2026-05-25 23:00:00,BTC-USD,0.29156713123746336
2026-05-25 22:00:00,BTC-USD,-0.28322576450480436
2026-05-25 19:00:00,BTC-USD,-0.1312741904455781
2026-05-25 18:00:00,BTC-USD,0.004769535634783851
2026-05-25 16:00:00,BTC-USD,0.12134352909041907
2026-05-25 15:00:00,BTC-USD,-0.14295906246378492
2026-05-25 14:00:00,BTC-USD,0.4898996992910177
2026-05-25 12:00:00,BTC-USD,-0.011543237916645693
2026-05-25 11:00:00,BTC-USD,-0.22317826342357697
2026-05-25 10:00:00,BTC-USD,-0.07214239324074757
2026-05-25 07:00:00,BTC-USD,-0.032043783202996355
2026-05-25 06:00:00,BTC-USD,0.027860844932418503
2026-05-25 03:00:00,BTC-USD,-0.10282449848456614
2026-05-25 02:00:00,BTC-USD,0.15871306263374269
2026-05-25 01:00:00,BTC-USD,-0.2927383733270247
2026-05-24 23:00:00,BTC-USD,0.33485839197089423
2026-05-24 21:00:00,BTC-USD,-0.6885102862822566
2026-05-24 17:00:00,BTC-USD,0.028701542424767117
2026-05-24 15:00:00,BTC-USD,-0.09860525289633106
2026-05-24 14:00:00,BTC-USD,-0.4694655446932665
2026-05-24 13:00:00,BTC-USD,-0.4173641499926567
2026-05-24 10:00:00,BTC-USD,0.2119340285013187
2026-05-24 06:00:00,BTC-USD,0.23528206400482823
2026-05-24 05:00:00,BTC-USD,0.04136359260121473
2026-05-24 03:00:00,BTC-USD,-0.11176165388917826
2026-05-24 02:00:00,BTC-USD,-0.11160600760125204
2026-05-24 00:00:00,BTC-USD,0.09601634091731985
2026-05-23 20:00:00,BTC-USD,1.6795326303109794
2026-05-23 19:00:00,BTC-USD,0.1478349643715261
2026-05-23 14:00:00,BTC-USD,0.39756964642720166
2026-05-23 13:00:00,BTC-USD,0.6000176180371875
2026-05-23 10:00:00,BTC-USD,0.0498143483338483
2026-05-23 07:00:00,BTC-USD,-1.0616371287428603
2026-05-23 05:00:00,BTC-USD,-0.07617318035193728
2026-05-23 03:00:00,BTC-USD,0.10449538223373529
2026-05-23 02:00:00,BTC-USD,0.10268902042901236
2026-05-22 19:00:00,BTC-USD,-0.9096122170351674
2026-05-22 18:00:00,BTC-USD,-0.2719161635145768
2026-05-22 17:00:00,BTC-USD,-0.279643223420961
2026-05-22 16:00:00,BTC-USD,0.22439916075447341
2026-05-22 14:00:00,BTC-USD,-0.5629411053694401
2026-05-22 12:00:00,BTC-USD,0.13183734511990713
2026-05-22 11:00:00,BTC-USD,0.13427388777980173
2026-05-22 10:00:00,BTC-USD,0.01816256926187015
2026-05-22 09:00:00,BTC-USD,0.07776655270693927
2026-05-22 07:00:00,BTC-USD,0.006254785820572324
2026-05-22 06:00:00,BTC-USD,-0.08598044401597203
2026-05-22 03:00:00,BTC-USD,0.12560665163534807
2026-05-21 22:00:00,BTC-USD,-0.06829617061237121
2026-05-21 21:00:00,BTC-USD,-0.04487214257084268
2026-05-21 20:00:00,BTC-USD,0.02317096579343396
2026-05-21 17:00:00,BTC-USD,0.8791614900036713
2026-05-21 15:00:00,BTC-USD,0.34385697597643355
2026-05-21 13:00:00,BTC-USD,-0.19103268892908226
2026-05-21 10:00:00,BTC-USD,-0.5699047267507764
2026-05-21 09:00:00,BTC-USD,-0.3738591649943369
2026-05-21 07:00:00,BTC-USD,0.37026063365562334
2026-05-21 06:00:00,BTC-USD,-0.2648060135917206
2026-05-21 04:00:00,BTC-USD,-0.05303372965237517
2026-05-21 03:00:00,BTC-USD,0.16148491078653396
2026-05-21 01:00:00,BTC-USD,-0.16443199319771545
2026-05-20 23:00:00,BTC-USD,0.0939681245183629
2026-05-20 21:00:00,BTC-USD,-0.27209036000297876
2026-05-20 20:00:00,BTC-USD,0.061894345506559104
2026-05-20 17:00:00,BTC-USD,0.31595308215053186
2026-05-20 16:00:00,BTC-USD,-0.18050590714944115
2026-05-20 15:00:00,BTC-USD,0.01680262419830328
2026-05-20 14:00:00,BTC-USD,0.3171005151401948
2026-05-20 13:00:00,BTC-USD,-0.5432432135650824
2026-05-20 12:00:00,BTC-USD,0.325831467569672
2026-05-20 11:00:00,BTC-USD,-0.17049881218858162
2026-05-20 09:00:00,BTC-USD,0.02824031630769728
2026-05-20 07:00:00,BTC-USD,-0.18557553518252942
2026-05-20 05:00:00,BTC-USD,0.5301598075389667
2026-05-20 04:00:00,BTC-USD,0.060268016855067504
2026-05-20 03:00:00,BTC-USD,0.055476365935940554
2026-05-20 02:00:00,BTC-USD,-0.16183877189051124
2026-05-20 01:00:00,BTC-USD,0.039528469460921714
2026-05-19 22:00:00,BTC-USD,-0.33275314211542084
2026-05-19 21:00:00,BTC-USD,-0.049545486157468344
2026-05-19 17:00:00,BTC-USD,-0.08331825233992626
2026-05-19 16:00:00,BTC-USD,0.47741810620506614
2026-05-19 12:00:00,BTC-USD,0.2969063992483754
2026-05-19 10:00:00,BTC-USD,0.30850788822527375
2026-05-19 08:00:00,BTC-USD,-0.2561390520041028
2026-05-19 07:00:00,BTC-USD,0.2817091873459498
2026-05-19 06:00:00,BTC-USD,0.16124840835823906
2026-05-18 21:00:00,BTC-USD,0.2513446777617089
2026-05-18 19:00:00,BTC-USD,0.8860148099836641
2026-05-18 16:00:00,BTC-USD,0.03587988377169747
2026-05-18 14:00:00,BTC-USD,-0.6908638913479564
2026-05-18 07:00:00,BTC-USD,0.16446940633331167
2026-05-18 06:00:00,BTC-USD,-0.003984074677820992
2026-05-18 05:00:00,BTC-USD,-0.15735810475414674
2026-05-18 00:00:00,BTC-USD,-0.32017387037691325
2026-05-17 20:00:00,BTC-USD,-0.18160346981556338
2026-05-17 19:00:00,BTC-USD,0.20702645656508847
2026-05-17 17:00:00,BTC-USD,0.054347347144455986
2026-05-17 16:00:00,BTC-USD,-0.013990072956678241
2026-05-17 12:00:00,BTC-USD,-0.0669074791059893
2026-05-17 09:00:00,BTC-USD,0.20367473255305726
2026-05-17 07:00:00,BTC-USD,0.09548796119244382
2026-05-17 06:00:00,BTC-USD,-0.037458712896619756
2026-05-17 04:00:00,BTC-USD,0.1676527463567306
2026-05-17 03:00:00,BTC-USD,0.17768429012782994
2026-05-17 02:00:00,BTC-USD,0.20373304486651037
2026-05-16 23:00:00,BTC-USD,-0.060488532619773244
2026-05-16 22:00:00,BTC-USD,-0.09994027751977932
2026-05-16 20:00:00,BTC-USD,-0.03734769828332403
2026-05-16 19:00:00,BTC-USD,0.03427376235106622
2026-05-16 18:00:00,BTC-USD,0.0366996830554605
2026-05-16 15:00:00,BTC-USD,0.13036455860613158
2026-05-16 14:00:00,BTC-USD,0.1240266283628525
2026-05-16 12:00:00,BTC-USD,-0.0946243878268573
2026-05-16 07:00:00,BTC-USD,-0.33796241721153275
2026-05-16 06:00:00,BTC-USD,-0.502781666270263
2026-05-16 05:00:00,BTC-USD,0.0013449888484601065
2026-05-16 03:00:00,BTC-USD,-0.06531974126942344
2026-05-15 23:00:00,BTC-USD,-0.0006522025919123914
2026-05-15 22:00:00,BTC-USD,0.15619686466118682
2026-05-15 19:00:00,BTC-USD,-0.17713643400151846
2026-05-15 18:00:00,BTC-USD,-0.2411567418491687
2026-05-15 14:00:00,BTC-USD,0.4774060639520121
2026-05-15 12:00:00,BTC-USD,-0.2732327302355778
2026-05-15 09:00:00,BTC-USD,-0.19725163305868007
2026-05-15 08:00:00,BTC-USD,-0.22164418438004443
2026-05-15 07:00:00,BTC-USD,0.29883767357862306
2026-05-15 04:00:00,BTC-USD,-0.4217933233922648
2026-05-15 01:00:00,BTC-USD,-0.4889299485383809
2026-05-15 00:00:00,BTC-USD,0.5220797512856156
2026-05-14 22:00:00,BTC-USD,0.0806994412384513
2026-05-14 21:00:00,BTC-USD,-0.09794427323805091
2026-05-14 19:00:00,BTC-USD,-0.20233265142324597
2026-05-14 15:00:00,BTC-USD,0.4022005111706178
2026-05-14 14:00:00,BTC-USD,1.6592968973192561
2026-05-14 13:00:00,BTC-USD,-0.08065274642588413
2026-05-14 09:00:00,BTC-USD,-0.3013080167661485
2026-05-14 07:00:00,BTC-USD,-0.0776662439585848
2026-05-14 04:00:00,BTC-USD,0.5238537251534819
2026-05-14 03:00:00,BTC-USD,-0.3710190053778694
2026-05-14 01:00:00,BTC-USD,0.06243308460306804
2026-05-14 00:00:00,BTC-USD,0.3237862179426865
2026-05-13 22:00:00,BTC-USD,0.03321997856400909
2026-05-13 19:00:00,BTC-USD,0.03724859529892096
2026-05-13 16:00:00,BTC-USD,0.37407402595509226
2026-05-13 15:00:00,BTC-USD,-1.1878294592407146
2026-05-13 13:00:00,BTC-USD,-0.6970261717351107
2026-05-13 11:00:00,BTC-USD,-0.36472192480315124
2026-05-13 06:00:00,BTC-USD,-0.051639730223401153
2026-05-13 05:00:00,BTC-USD,-0.25285469311856557
2026-05-13 02:00:00,BTC-USD,0.050135035699752674
2026-05-13 01:00:00,BTC-USD,0.3567506665235146
2026-05-13 00:00:00,BTC-USD,0.2697067240301469
2026-05-12 19:00:00,BTC-USD,0.20600738298066704
2026-05-12 18:00:00,BTC-USD,0.2025169014836421
2026-05-12 17:00:00,BTC-USD,0.6499768674819316
2026-05-12 16:00:00,BTC-USD,-0.3932262977494463
2026-05-12 15:00:00,BTC-USD,-0.2727725644114531
2026-05-12 14:00:00,BTC-USD,0.1284251150132933
2026-05-12 10:00:00,BTC-USD,-0.19345677515445697
2026-05-12 09:00:00,BTC-USD,-0.0016050183315331667
2026-05-12 08:00:00,BTC-USD,-0.023652532981364566
2026-05-12 06:00:00,BTC-USD,-0.23093610341179752
2026-05-12 05:00:00,BTC-USD,-0.00489700463983974
2026-05-12 04:00:00,BTC-USD,0.22689186399332187
2026-05-12 03:00:00,BTC-USD,-0.24305911530829066
2026-05-11 23:00:00,BTC-USD,-0.07918349116860506
2026-05-11 19:00:00,BTC-USD,0.11238151079839734
2026-05-11 15:00:00,BTC-USD,0.6348953762869396
2026-05-11 13:00:00,BTC-USD,-0.013186279329350459
2026-05-11 12:00:00,BTC-USD,-0.18816839040485556
2026-05-11 11:00:00,BTC-USD,0.31410336362930763
2026-05-11 10:00:00,BTC-USD,-0.03497287671983754
2026-05-11 07:00:00,BTC-USD,-0.11114723533215641
2026-05-11 01:00:00,BTC-USD,0.03303975425711719
2026-05-11 00:00:00,BTC-USD,-0.8983424574209247
2026-05-10 23:00:00,BTC-USD,0.11567643640060991
2026-05-10 21:00:00,BTC-USD,-0.007172660258380325
2026-05-10 20:00:00,BTC-USD,-0.865585264739434
2026-05-10 19:00:00,BTC-USD,0.1963951317387473
2026-05-10 18:00:00,BTC-USD,-0.259524935229031
2026-05-10 17:00:00,BTC-USD,0.13694920722713866
2026-05-10 13:00:00,BTC-USD,0.04991306245118512
2026-05-10 12:00:00,BTC-USD,0.1689631034208332
2026-05-10 11:00:00,BTC-USD,-0.07359954330985756
2026-05-10 10:00:00,BTC-USD,0.07226130104185653
2026-05-10 08:00:00,BTC-USD,0.11539829832995707
2026-05-10 06:00:00,BTC-USD,0.049527647611029325
2026-05-10 01:00:00,BTC-USD,-0.019439484217308445
2026-05-10 00:00:00,BTC-USD,0.013057404924075259
2026-05-09 21:00:00,BTC-USD,-0.037255594164843774
2026-05-09 17:00:00,BTC-USD,0.22984851862261463
2026-05-09 15:00:00,BTC-USD,0.261151998692635
2026-05-09 14:00:00,BTC-USD,-0.08263270138380378
2026-05-09 13:00:00,BTC-USD,-0.002575220489892454
2026-05-09 12:00:00,BTC-USD,0.10463555854202405
2026-05-09 08:00:00,BTC-USD,0.23078639470570403
2026-05-09 07:00:00,BTC-USD,-0.044976101335245044
2026-05-09 05:00:00,BTC-USD,-0.010049659312661618
2026-05-09 04:00:00,BTC-USD,0.0
2026-05-09 02:00:00,BTC-USD,0.1108578110693815
2026-05-08 23:00:00,BTC-USD,-0.10201806367924322
2026-05-08 19:00:00,BTC-USD,0.04347948268002223
2026-05-08 17:00:00,BTC-USD,0.35669436385293385
2026-05-08 11:00:00,BTC-USD,0.023786545270217882
2026-05-08 06:00:00,BTC-USD,0.003263798692042505
2026-05-08 05:00:00,BTC-USD,-0.01123309345855273
2026-05-08 04:00:00,BTC-USD,0.11514608527370446
2026-05-07 23:00:00,BTC-USD,0.16600619246526335
2026-05-07 20:00:00,BTC-USD,-0.3565729660834172
2026-05-07 17:00:00,BTC-USD,0.3786363334608183
2026-05-07 12:00:00,BTC-USD,0.39143481937669033
2026-05-07 11:00:00,BTC-USD,0.012658927520199204
2026-05-07 09:00:00,BTC-USD,-0.3761484648034981
2026-05-07 05:00:00,BTC-USD,0.13833533902529835
2026-05-07 04:00:00,BTC-USD,0.16330080621196344
2026-05-06 19:00:00,BTC-USD,0.15963923588337298
2026-05-06 14:00:00,BTC-USD,-0.17573093420298205
2026-05-06 13:00:00,BTC-USD,-0.6699518904131457
2026-05-06 12:00:00,BTC-USD,-0.3600893563134121
2026-05-06 06:00:00,BTC-USD,0.20413569599702824
2026-05-06 05:00:00,BTC-USD,0.00014410834641917177
2026-05-06 04:00:00,BTC-USD,-0.3208671868753821
2026-05-06 02:00:00,BTC-USD,-0.08558469699563173
2026-05-06 00:00:00,BTC-USD,0.16084793413319112
2026-05-05 11:00:00,BTC-USD,0.11361368737150573
2026-05-05 10:00:00,BTC-USD,0.3226178343387042
2026-05-05 09:00:00,BTC-USD,-0.281108082857956
2026-05-05 08:00:00,BTC-USD,-0.04775044392839868
2026-05-05 04:00:00,BTC-USD,0.02273761678866805
2026-05-05 02:00:00,BTC-USD,0.2639461278387313
2026-05-04 23:00:00,BTC-USD,-0.25082576413378976
2026-05-04 22:00:00,BTC-USD,-0.2682186234817814
2026-05-04 21:00:00,BTC-USD,0.38724167235948115
2026-05-04 18:00:00,BTC-USD,-0.37322855133320826
2026-05-04 17:00:00,BTC-USD,0.4595621349623503
2026-05-04 15:00:00,BTC-USD,-0.25369950449969736
2026-05-04 08:00:00,BTC-USD,0.04373049033167797
2026-05-04 04:00:00,BTC-USD,0.028018052576070228
2026-05-04 02:00:00,BTC-USD,0.45526083098440423
2026-05-04 01:00:00,BTC-USD,1.5435072410775406
2026-05-03 22:00:00,BTC-USD,0.36908669169306335
2026-05-03 18:00:00,BTC-USD,0.008653489281383289
2026-05-03 11:00:00,BTC-USD,0.33603056015524035
2026-05-03 10:00:00,BTC-USD,-0.1625821018225749
2026-05-03 08:00:00,BTC-USD,0.03217419489984673
2026-05-03 06:00:00,BTC-USD,0.05280236468320628
2026-05-03 04:00:00,BTC-USD,-0.028677138585119943
2026-05-03 02:00:00,BTC-USD,-0.074328664936526
2026-05-03 01:00:00,BTC-USD,-0.38409212721038954
2026-05-02 22:00:00,BTC-USD,0.1104605681863841
2026-05-02 20:00:00,BTC-USD,-0.01360005639144905
2026-05-02 19:00:00,BTC-USD,0.028855592000648404
2026-05-02 16:00:00,BTC-USD,-0.05153156858531262
2026-05-02 13:00:00,BTC-USD,0.17935184651604694
2026-05-02 11:00:00,BTC-USD,-0.09396509009132731
2026-05-02 10:00:00,BTC-USD,-0.05731539060927637
2026-05-02 09:00:00,BTC-USD,-0.017687292264099107
2026-05-02 06:00:00,BTC-USD,0.150913532849142
2026-05-02 05:00:00,BTC-USD,0.0039573908921847825
2026-05-01 23:00:00,BTC-USD,0.13045811526569928
2026-05-01 22:00:00,BTC-USD,-0.08037303637464263
2026-05-01 20:00:00,BTC-USD,-0.6709384279040391
2026-05-01 19:00:00,BTC-USD,-0.10710347145293188
2026-05-01 18:00:00,BTC-USD,-0.18733089563893435
2026-05-01 14:00:00,BTC-USD,-0.5277057152830668
2026-05-01 13:00:00,BTC-USD,1.1104696668871827
2026-05-01 11:00:00,BTC-USD,0.20794721640014488
2026-05-01 09:00:00,BTC-USD,-0.13040542819411
2026-05-01 07:00:00,BTC-USD,0.2001601809360321
2026-05-01 05:00:00,BTC-USD,0.16803568475758895
2026-05-01 03:00:00,BTC-USD,0.7052090312394915
2026-05-01 01:00:00,BTC-USD,0.295859288659896
2026-05-01 00:00:00,BTC-USD,0.1671333779035994
2026-04-30 22:00:00,BTC-USD,-0.03816351899618877
2026-04-30 20:00:00,BTC-USD,0.10172723559049969
2026-04-30 17:00:00,BTC-USD,0.006468939249791682
2026-04-30 13:00:00,BTC-USD,0.10424180494669906
2026-04-30 11:00:00,BTC-USD,0.024913488835026143
2026-04-30 03:00:00,BTC-USD,0.3017073036520273
2026-04-30 02:00:00,BTC-USD,-0.7150118666385401
2026-04-29 23:00:00,BTC-USD,-0.19388165252302964
2026-04-29 20:00:00,BTC-USD,0.16295564064645174
2026-04-29 17:00:00,BTC-USD,0.4652583586500796
2026-04-29 16:00:00,BTC-USD,-0.0997748833058264
2026-04-29 14:00:00,BTC-USD,-0.2511286894293422
2026-04-29 13:00:00,BTC-USD,-0.46577722198741606
2026-04-29 11:00:00,BTC-USD,-0.0523567165152529
2026-04-29 10:00:00,BTC-USD,-0.0832011096431323
2026-04-29 06:00:00,BTC-USD,-0.35527011639567396
2026-04-29 05:00:00,BTC-USD,0.01858433851888282
2026-04-29 04:00:00,BTC-USD,0.337475153795104
2026-04-29 03:00:00,BTC-USD,0.6132953003393912
2026-04-28 23:00:00,BTC-USD,0.1269058036265683
2026-04-28 18:00:00,BTC-USD,0.05609811077561638
2026-04-28 17:00:00,BTC-USD,0.11671821567156157
2026-04-28 10:00:00,BTC-USD,0.03829702885855573
2026-04-28 08:00:00,BTC-USD,-0.02977451646896591
2026-04-28 05:00:00,BTC-USD,-0.03279789508411456
2026-04-28 02:00:00,BTC-USD,-0.27954488159999097
2026-04-28 01:00:00,BTC-USD,-0.3747799310219127
2026-04-27 23:00:00,BTC-USD,0.43524518419875596
2026-04-27 22:00:00,BTC-USD,0.3200462858701762
2026-04-27 21:00:00,BTC-USD,-0.21953323955805812
2026-04-27 20:00:00,BTC-USD,0.11374012409270119
2026-04-27 18:00:00,BTC-USD,0.1434186124582812
2026-04-27 17:00:00,BTC-USD,0.11773138912742262
2026-04-27 16:00:00,BTC-USD,-0.1759547985701306
2026-04-27 13:00:00,BTC-USD,0.12362531228268987
2026-04-27 11:00:00,BTC-USD,-0.0032714973502878516
2026-04-27 10:00:00,BTC-USD,-0.04268802993939423
2026-04-27 07:00:00,BTC-USD,-0.09497272990539932
2026-04-27 06:00:00,BTC-USD,-0.08539127202961222
2026-04-27 04:00:00,BTC-USD,-0.2304717819185201
2026-04-26 23:00:00,BTC-USD,0.46559659802382863
2026-04-26 22:00:00,BTC-USD,-0.0561740862441663
2026-04-26 21:00:00,BTC-USD,0.27227157406666685
2026-04-26 18:00:00,BTC-USD,0.3175279661124674
2026-04-26 15:00:00,BTC-USD,-0.07555239942861748
2026-04-26 14:00:00,BTC-USD,0.16370234185517232
2026-04-26 13:00:00,BTC-USD,0.18240800849130004
2026-04-26 07:00:00,BTC-USD,0.13030739287688964
2026-04-26 02:00:00,BTC-USD,0.09534714023118883
2026-04-25 22:00:00,BTC-USD,0.0339793883226553
2026-04-25 18:00:00,BTC-USD,0.07143474728087335
2026-04-25 15:00:00,BTC-USD,-0.41953990909214345
2026-04-25 14:00:00,BTC-USD,-0.027529283043158135
2026-04-25 13:00:00,BTC-USD,0.15644135050525973
2026-04-25 12:00:00,BTC-USD,-0.157170224070382
2026-04-25 11:00:00,BTC-USD,-0.13275617564218364
2026-04-25 09:00:00,BTC-USD,0.05770884715139618
2026-04-25 07:00:00,BTC-USD,0.015431475028275079
2026-04-25 04:00:00,BTC-USD,-0.07561141684131698
2026-04-25 01:00:00,BTC-USD,0.0799314740587638
2026-04-24 23:00:00,BTC-USD,0.11136825544303514
2026-04-24 22:00:00,BTC-USD,-0.27233757814434784
2026-04-24 18:00:00,BTC-USD,-0.07450962410950442
2026-04-24 14:00:00,BTC-USD,0.00044028847701013706
2026-04-24 13:00:00,BTC-USD,-0.23608329442517526
2026-04-24 10:00:00,BTC-USD,0.3053509576050698
2026-04-24 09:00:00,BTC-USD,-0.33354876467678324
2026-04-24 08:00:00,BTC-USD,0.16963282730129017
2026-04-24 06:00:00,BTC-USD,-0.22653205903457116
2026-04-24 05:00:00,BTC-USD,0.38394841555020753
2026-04-24 04:00:00,BTC-USD,-0.07974798992056152
2026-04-24 00:00:00,BTC-USD,0.17100045391287866
2026-04-23 22:00:00,BTC-USD,0.4465935807888549
2026-04-23 21:00:00,BTC-USD,-0.007139959757502097
2026-04-23 16:00:00,BTC-USD,-0.35363143429490695
2026-04-23 15:00:00,BTC-USD,0.2590262108833562
2026-04-23 14:00:00,BTC-USD,0.8802276014636704
2026-04-23 09:00:00,BTC-USD,-0.26363572524903944
2026-04-23 08:00:00,BTC-USD,-0.24790172152249862
2026-04-23 06:00:00,BTC-USD,0.22262754949374902
2026-04-23 05:00:00,BTC-USD,0.10880638116952027
2026-04-23 03:00:00,BTC-USD,-0.29118917526961124
2026-04-23 00:00:00,BTC-USD,0.26628392928358363
2026-04-22 20:00:00,BTC-USD,-0.5778997474862723
2026-04-22 19:00:00,BTC-USD,-0.16224392373813798
2026-04-22 18:00:00,BTC-USD,0.1281383684624672
2026-04-22 15:00:00,BTC-USD,0.29765026982334797
2026-04-22 13:00:00,BTC-USD,0.8115770482536416
2026-04-22 11:00:00,BTC-USD,0.15979152171801964
2026-04-22 10:00:00,BTC-USD,0.1824240015962726
2026-04-22 09:00:00,BTC-USD,0.008722978920335567
2026-04-22 08:00:00,BTC-USD,-0.03267919232250169
2026-04-22 07:00:00,BTC-USD,-0.002322895721806804
2026-04-22 04:00:00,BTC-USD,-0.0072138746587262995
2026-04-22 02:00:00,BTC-USD,1.697900972749902
2026-04-21 23:00:00,BTC-USD,0.923768638959391
2026-04-21 21:00:00,BTC-USD,-0.23193860383192774
2026-04-21 16:00:00,BTC-USD,-0.1157027550000597
2026-04-21 12:00:00,BTC-USD,-0.5823524124321254
2026-04-21 11:00:00,BTC-USD,-0.4046480244858193
2026-04-21 10:00:00,BTC-USD,0.5023780708183005
2026-04-21 09:00:00,BTC-USD,-0.20586176316262456
2026-04-21 07:00:00,BTC-USD,0.15297740576552743
2026-04-21 06:00:00,BTC-USD,0.21896616856799628
2026-04-21 03:00:00,BTC-USD,0.17436599748354992
2026-04-21 02:00:00,BTC-USD,-0.4344911671842512
2026-04-21 01:00:00,BTC-USD,-0.1849641667860166
2026-04-21 00:00:00,BTC-USD,0.3395221399903782
2026-04-20 19:00:00,BTC-USD,-0.21099354404291046
2026-04-20 16:00:00,BTC-USD,-0.4972664835108163
2026-04-20 15:00:00,BTC-USD,0.8681801985502761
2026-04-20 14:00:00,BTC-USD,-0.3460670011859967
2026-04-20 12:00:00,BTC-USD,0.14740481525166216
2026-04-20 11:00:00,BTC-USD,0.20680008121724291
2026-04-20 10:00:00,BTC-USD,-0.08212805883605054
2026-04-20 07:00:00,BTC-USD,0.020856428853272206
2026-04-20 04:00:00,BTC-USD,-0.1038138457243804
2026-04-20 02:00:00,BTC-USD,-0.2733033091113383
2026-04-19 22:00:00,BTC-USD,-0.4761419413335942
2026-04-19 17:00:00,BTC-USD,-0.7704015726618181
2026-04-19 14:00:00,BTC-USD,0.1510652175679611
2026-04-19 13:00:00,BTC-USD,0.4890283090700256
2026-04-19 12:00:00,BTC-USD,-0.0458546753798812
2026-04-19 11:00:00,BTC-USD,0.5127871300615291
2026-04-19 09:00:00,BTC-USD,-0.3157656850938716
2026-04-19 07:00:00,BTC-USD,-0.18008938697933122
2026-04-19 06:00:00,BTC-USD,-0.18865416153568149
2026-04-19 02:00:00,BTC-USD,-0.14418745360515628
2026-04-19 01:00:00,BTC-USD,-0.09428834839910992
2026-04-19 00:00:00,BTC-USD,-0.036970529206718075
2026-04-18 22:00:00,BTC-USD,-0.010824347717185233
2026-04-18 21:00:00,BTC-USD,0.09968333093463767
2026-04-18 20:00:00,BTC-USD,0.14013772622177645
2026-04-18 19:00:00,BTC-USD,0.03717582295138239
2026-04-18 17:00:00,BTC-USD,-0.13605832611024898
2026-04-18 16:00:00,BTC-USD,-0.2934620410131146
2026-04-18 15:00:00,BTC-USD,-0.09936244140689023
2026-04-18 10:00:00,BTC-USD,-0.528541075331963
2026-04-18 09:00:00,BTC-USD,-0.13194172938455023
2026-04-18 08:00:00,BTC-USD,-0.33757455320821095
2026-04-18 06:00:00,BTC-USD,-0.005781077773112642
2026-04-18 05:00:00,BTC-USD,0.03146509142042051
2026-04-18 03:00:00,BTC-USD,-0.3760477962609008
2026-04-18 01:00:00,BTC-USD,0.04449760053923241
2026-04-17 20:00:00,BTC-USD,-0.1316334087708888
2026-04-17 18:00:00,BTC-USD,-0.46100876768848914
2026-04-17 16:00:00,BTC-USD,0.08124217122035977
2026-04-17 13:00:00,BTC-USD,1.462921512205575
2026-04-17 08:00:00,BTC-USD,0.9216088866953829
2026-04-17 07:00:00,BTC-USD,0.16679515368572578
2026-04-17 06:00:00,BTC-USD,0.42765953817040087
2026-04-17 04:00:00,BTC-USD,0.2262807170395168
2026-04-17 02:00:00,BTC-USD,-0.041884107677269154
2026-04-17 00:00:00,BTC-USD,-0.2671084378553446
2026-04-16 23:00:00,BTC-USD,0.3962892235127154
2026-04-16 22:00:00,BTC-USD,-0.10357784924279996
2026-04-16 20:00:00,BTC-USD,-0.1843144228911777
2026-04-16 18:00:00,BTC-USD,0.941988266439824
2026-04-16 17:00:00,BTC-USD,0.24014350886765562
2026-04-16 14:00:00,BTC-USD,0.2588912466169426
2026-04-16 10:00:00,BTC-USD,-0.38585090490675655
2026-04-16 07:00:00,BTC-USD,-0.4096857649269
2026-04-16 06:00:00,BTC-USD,-0.037555267586744705
2026-04-16 05:00:00,BTC-USD,0.14416908946342957
2026-04-16 01:00:00,BTC-USD,-0.20505441061681165
2026-04-16 00:00:00,BTC-USD,-0.03389268617334976
2026-04-15 21:00:00,BTC-USD,-0.1147692564933191
2026-04-15 17:00:00,BTC-USD,0.2172368778367494
2026-04-15 15:00:00,BTC-USD,-0.3996610570855881
2026-04-15 14:00:00,BTC-USD,0.10413358118707432
2026-04-15 13:00:00,BTC-USD,-0.2912765731900616
2026-04-15 11:00:00,BTC-USD,0.43438719652828484
2026-04-15 06:00:00,BTC-USD,-0.14522491715638536
2026-04-15 02:00:00,BTC-USD,-0.3758098018271861
2026-04-15 00:00:00,BTC-USD,0.5767781235951316
2026-04-14 21:00:00,BTC-USD,0.21316622214018927
2026-04-14 20:00:00,BTC-USD,-0.3725613397661459
2026-04-14 15:00:00,BTC-USD,0.4230018010635753
2026-04-14 12:00:00,BTC-USD,0.07897679839967238
2026-04-14 08:00:00,BTC-USD,0.30734575963040117
2026-04-14 07:00:00,BTC-USD,-0.004988177704459483
2026-04-14 05:00:00,BTC-USD,-0.24721706216740924
2026-04-14 03:00:00,BTC-USD,0.11914291897525114
2026-04-14 02:00:00,BTC-USD,-0.040782027935689136
2026-04-14 01:00:00,BTC-USD,0.31434002923711035
2026-04-13 23:00:00,BTC-USD,-0.01911545936576289
2026-04-13 18:00:00,BTC-USD,0.4123537881817034
2026-04-13 17:00:00,BTC-USD,-0.04711045079279324
2026-04-13 15:00:00,BTC-USD,-0.7877191426497997
2026-04-13 12:00:00,BTC-USD,0.30892482939367566
2026-04-13 09:00:00,BTC-USD,0.17187595524260357
2026-04-13 08:00:00,BTC-USD,-0.2013190163336836
2026-04-13 06:00:00,BTC-USD,0.27406894605487114
2026-04-13 05:00:00,BTC-USD,-0.06571382357050397
2026-04-12 22:00:00,BTC-USD,-0.6213744941784947
2026-04-12 21:00:00,BTC-USD,-0.09133074068343776
2026-04-12 20:00:00,BTC-USD,0.33133274874478774
2026-04-12 19:00:00,BTC-USD,-0.061712902487026676
2026-04-12 14:00:00,BTC-USD,-0.13970881509736646
2026-04-12 13:00:00,BTC-USD,-0.083324778597382
2026-04-12 10:00:00,BTC-USD,-0.14694132248718603
2026-04-12 08:00:00,BTC-USD,-0.10150131966967459
2026-04-12 06:00:00,BTC-USD,-0.08393420655982799
2026-04-12 05:00:00,BTC-USD,0.3386308761733826
2026-04-12 04:00:00,BTC-USD,-0.1839414921414998
2026-04-12 03:00:00,BTC-USD,-0.18128996970991645
2026-04-12 02:00:00,BTC-USD,0.2058139637562907
2026-04-12 00:00:00,BTC-USD,-0.010939636731343481
2026-04-11 22:00:00,BTC-USD,-0.08315704033690834
2026-04-11 21:00:00,BTC-USD,0.20780947672585
2026-04-11 20:00:00,BTC-USD,-0.48284824271208426
2026-04-11 17:00:00,BTC-USD,0.05726606358532826
2026-04-11 12:00:00,BTC-USD,0.03985578653322137
2026-04-11 10:00:00,BTC-USD,-0.09995700520586195
2026-04-11 07:00:00,BTC-USD,-0.07698273195649473
2026-04-11 05:00:00,BTC-USD,-0.11557318659170855
2026-04-10 19:00:00,BTC-USD,0.1586359975390959
2026-04-10 12:00:00,BTC-USD,0.1889441614380164
2026-04-10 11:00:00,BTC-USD,0.2867109081268181
2026-04-10 10:00:00,BTC-USD,0.19095398092854327
2026-04-10 09:00:00,BTC-USD,0.2637865225358113
2026-04-10 08:00:00,BTC-USD,0.16409794816909204
2026-04-10 05:00:00,BTC-USD,0.012579853900328983
2026-04-09 21:00:00,BTC-USD,-0.21787472510779918
2026-04-09 19:00:00,BTC-USD,0.2785169626491246
2026-04-09 16:00:00,BTC-USD,-0.39227224540959676
2026-04-09 14:00:00,BTC-USD,0.4512924005299508
2026-04-09 12:00:00,BTC-USD,0.16564484607469698
2026-04-09 10:00:00,BTC-USD,-0.2941842639116379
2026-04-09 06:00:00,BTC-USD,0.04739737137216381
2026-04-09 04:00:00,BTC-USD,-0.3202849011502085
2026-04-09 03:00:00,BTC-USD,-0.08094326174290419
2026-04-09 02:00:00,BTC-USD,0.2101277499608661
2026-04-09 00:00:00,BTC-USD,-0.3642856742543215
2026-04-08 23:00:00,BTC-USD,0.2005941320134607
2026-04-08 22:00:00,BTC-USD,-0.6406656493384182
2026-04-08 19:00:00,BTC-USD,0.2962761407922683
2026-04-08 17:00:00,BTC-USD,0.4323688051570013
2026-04-08 14:00:00,BTC-USD,-1.0609566701463757
2026-04-08 13:00:00,BTC-USD,-0.7613851964127745
2026-04-08 12:00:00,BTC-USD,0.5678110199004731
2026-04-08 08:00:00,BTC-USD,0.18172005927252205
2026-04-08 06:00:00,BTC-USD,0.007407807654966979
2026-04-07 18:00:00,BTC-USD,-0.38706429818906724
2026-04-07 17:00:00,BTC-USD,0.7231042321703217
2026-04-07 16:00:00,BTC-USD,0.09519203422419581
2026-04-07 14:00:00,BTC-USD,-0.46240308541993896
2026-04-07 10:00:00,BTC-USD,-1.3255735367935628
2026-04-07 07:00:00,BTC-USD,0.10927128508113641
2026-04-07 05:00:00,BTC-USD,-0.3156162938401201
2026-04-07 03:00:00,BTC-USD,0.121819252447534
2026-04-07 02:00:00,BTC-USD,0.3729961435101606
2026-04-06 20:00:00,BTC-USD,0.15279261612149198
2026-04-06 19:00:00,BTC-USD,-0.2623859188012165
2026-04-06 16:00:00,BTC-USD,-0.16133708852061765
2026-04-06 15:00:00,BTC-USD,0.4090259645056145
2026-04-06 14:00:00,BTC-USD,0.42376851917759223
2026-04-06 10:00:00,BTC-USD,0.023993104868022797
2026-04-06 08:00:00,BTC-USD,0.20478472556980984
2026-04-06 06:00:00,BTC-USD,-0.29630630183962664
2026-04-06 05:00:00,BTC-USD,0.0758212927846907
2026-04-06 04:00:00,BTC-USD,0.04869660252421655
2026-04-05 22:00:00,BTC-USD,1.1894208191684652
2026-04-05 20:00:00,BTC-USD,0.41935707323061466
2026-04-05 18:00:00,BTC-USD,0.025196011513138817
2026-04-05 16:00:00,BTC-USD,-0.13726227882554304
2026-04-05 15:00:00,BTC-USD,0.548753053185478
2026-04-05 12:00:00,BTC-USD,-0.31293322407654195
2026-04-05 11:00:00,BTC-USD,-0.08220685963968383
2026-04-05 10:00:00,BTC-USD,0.08575888153248042
2026-04-05 08:00:00,BTC-USD,0.17055806594498607
2026-04-05 07:00:00,BTC-USD,-0.025561242327827024
2026-04-04 18:00:00,BTC-USD,-0.05733563031712254
2026-04-04 13:00:00,BTC-USD,0.18379030319518644
2026-04-04 12:00:00,BTC-USD,-0.06025370335648161
2026-04-04 09:00:00,BTC-USD,0.07199176076131462
2026-04-04 08:00:00,BTC-USD,-0.14077546470767843
2026-04-04 07:00:00,BTC-USD,0.03915799809107674
2026-04-04 05:00:00,BTC-USD,0.057828681974616374
2026-04-04 04:00:00,BTC-USD,0.0479439627316064
2026-04-04 03:00:00,BTC-USD,-0.005985747374337885
2026-04-04 02:00:00,BTC-USD,-0.0508054362167376
2026-04-04 01:00:00,BTC-USD,-0.06221073788172554
2026-04-04 00:00:00,BTC-USD,-0.08145455258469686
2026-04-03 21:00:00,BTC-USD,0.13894279101302223
2026-04-03 19:00:00,BTC-USD,0.0736318042621788
2026-04-03 17:00:00,BTC-USD,-0.2220819877352348
2026-04-03 16:00:00,BTC-USD,0.23655598791694454
2026-04-03 12:00:00,BTC-USD,-0.37346128969782505
2026-04-03 10:00:00,BTC-USD,0.07664233619308071
2026-04-03 09:00:00,BTC-USD,-0.17280855971165204
2026-04-03 06:00:00,BTC-USD,0.2895968915012108
2026-04-03 04:00:00,BTC-USD,0.04729473749543449
2026-04-03 03:00:00,BTC-USD,0.11772552684581339
2026-04-03 01:00:00,BTC-USD,-0.26315977283530817
2026-04-02 23:00:00,BTC-USD,-0.13604778841862875
2026-04-02 21:00:00,BTC-USD,-0.029378979497744345
2026-04-02 20:00:00,BTC-USD,-0.04085645489404213
2026-04-02 17:00:00,BTC-USD,-0.5064275186543891
2026-04-02 16:00:00,BTC-USD,0.4018719424184602
2026-04-02 14:00:00,BTC-USD,1.0924855470869588
2026-04-02 13:00:00,BTC-USD,0.2265287348382578
2026-04-02 11:00:00,BTC-USD,-0.4094212509618225
2026-04-02 07:00:00,BTC-USD,0.3887970643447711
2026-04-02 06:00:00,BTC-USD,0.08464263069390061
2026-04-02 05:00:00,BTC-USD,0.4002496053686355
2026-04-02 03:00:00,BTC-USD,-0.4365772363366304
2026-04-02 00:00:00,BTC-USD,0.727496427913376
2026-04-01 23:00:00,BTC-USD,-0.06063589355883264
2026-04-01 22:00:00,BTC-USD,-0.31868936454575675
2026-04-01 19:00:00,BTC-USD,0.1433933118631763
2026-04-01 16:00:00,BTC-USD,-0.13342029923392207
2026-04-01 15:00:00,BTC-USD,0.4646896367410004
2026-04-01 13:00:00,BTC-USD,-0.253887179491869
2026-04-01 09:00:00,BTC-USD,0.010691991618571681
2026-04-01 07:00:00,BTC-USD,-0.7267749086645302
2026-04-01 06:00:00,BTC-USD,1.0400415304035946
2026-04-01 05:00:00,BTC-USD,0.2634053765342123
2026-04-01 03:00:00,BTC-USD,0.7161748687559771
2026-04-01 00:00:00,BTC-USD,0.009092229098522663
2026-03-31 23:00:00,BTC-USD,0.14307447532097162
2026-03-31 22:00:00,BTC-USD,-0.10421252208503834
2026-03-31 18:00:00,BTC-USD,0.38293721541286685
2026-03-31 17:00:00,BTC-USD,-0.24289292010020402
2026-03-31 16:00:00,BTC-USD,1.195603896594079
2026-03-31 14:00:00,BTC-USD,-0.9673988393073976
2026-03-31 10:00:00,BTC-USD,0.28264802090250485
2026-03-31 08:00:00,BTC-USD,-0.8161392280925889
2026-03-31 06:00:00,BTC-USD,-0.26084135979889533
2026-03-31 05:00:00,BTC-USD,0.19828416879933952
2026-03-31 03:00:00,BTC-USD,-0.4136256567051955
2026-03-31 02:00:00,BTC-USD,0.07010409531947873
2026-03-31 01:00:00,BTC-USD,1.181767861234172
2026-03-31 00:00:00,BTC-USD,0.5354213959920727
2026-03-30 20:00:00,BTC-USD,0.19253743515787153
2026-03-30 18:00:00,BTC-USD,-0.34403704614690445
2026-03-30 15:00:00,BTC-USD,-0.25842737051649495
2026-03-30 14:00:00,BTC-USD,0.4396623245114439
2026-03-30 12:00:00,BTC-USD,0.3535260179714739
2026-03-30 11:00:00,BTC-USD,0.23687747553410954
2026-03-30 08:00:00,BTC-USD,0.09577850624850093
2026-03-30 06:00:00,BTC-USD,-0.26399382713332564
2026-03-30 04:00:00,BTC-USD,0.6714721453875067
2026-03-30 03:00:00,BTC-USD,0.02837944517660644
2026-03-30 02:00:00,BTC-USD,0.6912769814457512
2026-03-30 00:00:00,BTC-USD,0.4570052281454955
2026-03-29 20:00:00,BTC-USD,0.3722872443979555
2026-03-29 19:00:00,BTC-USD,-0.12082975493630455
2026-03-29 15:00:00,BTC-USD,-0.09858801669467587
2026-03-29 14:00:00,BTC-USD,-0.0008338805429713326
2026-03-29 13:00:00,BTC-USD,-0.43705771241471525
2026-03-29 12:00:00,BTC-USD,0.022804275316050993
2026-03-29 10:00:00,BTC-USD,-0.17313919370291989
2026-03-29 09:00:00,BTC-USD,-0.14358582783387777
2026-03-29 08:00:00,BTC-USD,0.06147719990877501
2026-03-29 07:00:00,BTC-USD,-0.060543253867188625
2026-03-29 05:00:00,BTC-USD,0.07540449661991963
2026-03-29 04:00:00,BTC-USD,-0.24453943728699945
2026-03-28 23:00:00,BTC-USD,-0.5720818706162409
2026-03-28 18:00:00,BTC-USD,0.12285138712723287
2026-03-28 16:00:00,BTC-USD,-0.1470463191823072
2026-03-28 13:00:00,BTC-USD,0.5397416383515733
2026-03-28 10:00:00,BTC-USD,-0.11921292120936039
2026-03-28 09:00:00,BTC-USD,-0.13977045011100284
2026-03-28 08:00:00,BTC-USD,-0.22358626590848057
2026-03-28 05:00:00,BTC-USD,0.11857161545097143
2026-03-28 04:00:00,BTC-USD,0.009301675529227563
2026-03-28 03:00:00,BTC-USD,0.24774659610309552
2026-03-28 02:00:00,BTC-USD,-0.1893769334665395
2026-03-28 00:00:00,BTC-USD,0.020213038598898562
2026-03-27 20:00:00,BTC-USD,-0.06121376252941468
2026-03-27 17:00:00,BTC-USD,-0.5272989816261524
2026-03-27 15:00:00,BTC-USD,-0.11925036152931387
2026-03-27 14:00:00,BTC-USD,0.054182462009967354
2026-03-27 12:00:00,BTC-USD,-0.12962463690631232
2026-03-27 11:00:00,BTC-USD,0.31317926086073866
2026-03-27 08:00:00,BTC-USD,-0.8320443811763321
2026-03-27 07:00:00,BTC-USD,-0.2936224943748921
2026-03-27 05:00:00,BTC-USD,0.0590763796152638
2026-03-27 03:00:00,BTC-USD,-0.19139605916727911
2026-03-27 00:00:00,BTC-USD,-0.10285476203349601
2026-03-26 21:00:00,BTC-USD,-0.06288988300918574
2026-03-26 14:00:00,BTC-USD,-0.13442806448506173
2026-03-26 12:00:00,BTC-USD,0.23913783584940013
2026-03-26 11:00:00,BTC-USD,-0.3103982340190168
2026-03-26 09:00:00,BTC-USD,-0.6056360981751776
2026-03-26 07:00:00,BTC-USD,0.022090245734748225
2026-03-26 05:00:00,BTC-USD,-1.0832250351230723
2026-03-26 04:00:00,BTC-USD,-0.15039353028884467
2026-03-26 00:00:00,BTC-USD,-0.0957066433622743
2026-03-25 23:00:00,BTC-USD,-0.06054816343624514
2026-03-25 21:00:00,BTC-USD,0.020691608199115787
2026-03-25 19:00:00,BTC-USD,0.010376388021276894
2026-03-25 17:00:00,BTC-USD,-0.7931681760649059
2026-03-25 14:00:00,BTC-USD,-0.3741484827898575
2026-03-25 07:00:00,BTC-USD,-0.10515293401339713
2026-03-25 06:00:00,BTC-USD,-0.10990242739197947
2026-03-25 03:00:00,BTC-USD,0.3388647062572213
2026-03-25 01:00:00,BTC-USD,-0.17656254877475608
2026-03-24 23:00:00,BTC-USD,0.3153188645764766
2026-03-24 22:00:00,BTC-USD,0.07099701007895251
2026-03-24 20:00:00,BTC-USD,1.0454753546961355
2026-03-24 19:00:00,BTC-USD,-0.16241703562234425
2026-03-24 17:00:00,BTC-USD,-0.3168369319222491
2026-03-24 15:00:00,BTC-USD,0.06034431837098533
2026-03-24 13:00:00,BTC-USD,-1.301733794926847
2026-03-24 12:00:00,BTC-USD,-0.2919595330711953
2026-03-24 11:00:00,BTC-USD,-0.1976144842449424
2026-03-24 10:00:00,BTC-USD,-0.05675632559109851
2026-03-24 08:00:00,BTC-USD,-0.5076766946277222
2026-03-24 06:00:00,BTC-USD,0.36302017575606965
2026-03-24 05:00:00,BTC-USD,-0.14467534763165457
2026-03-24 00:00:00,BTC-USD,-0.2882525223886337
2026-03-23 17:00:00,BTC-USD,0.7396798894582302
2026-03-23 16:00:00,BTC-USD,0.6250821149490049
2026-03-23 15:00:00,BTC-USD,-1.8672010699142478
2026-03-23 13:00:00,BTC-USD,0.9773699830137887
2026-03-23 09:00:00,BTC-USD,-0.24821078584742912
2026-03-23 07:00:00,BTC-USD,0.6763444217848741
2026-03-23 05:00:00,BTC-USD,0.4770020260186448
2026-03-23 02:00:00,BTC-USD,0.5512262278728436
2026-03-23 00:00:00,BTC-USD,-0.20150969933813356
2026-03-22 19:00:00,BTC-USD,-0.621135764434583
2026-03-22 16:00:00,BTC-USD,-0.01992746448320969
2026-03-22 15:00:00,BTC-USD,0.17379748005592902
2026-03-22 12:00:00,BTC-USD,0.6486619093316401
2026-03-22 08:00:00,BTC-USD,-0.14686909976860804
2026-03-22 06:00:00,BTC-USD,0.008473910805874566
2026-03-22 03:00:00,BTC-USD,0.07652475230665293
2026-03-21 23:00:00,BTC-USD,-2.174676114019784
2026-03-21 22:00:00,BTC-USD,-0.07796276844680174
2026-03-21 21:00:00,BTC-USD,-0.15314650590663598
2026-03-21 17:00:00,BTC-USD,0.031729992544840976
2026-03-21 16:00:00,BTC-USD,-0.49679622230936976
2026-03-21 15:00:00,BTC-USD,0.05183210160640793
2026-03-21 14:00:00,BTC-USD,-0.1772342334390169
2026-03-21 11:00:00,BTC-USD,0.06542071796996779
2026-03-21 08:00:00,BTC-USD,-0.1777905644386389
2026-03-21 05:00:00,BTC-USD,0.10183695866417164
2026-03-21 02:00:00,BTC-USD,0.3337155332797721
2026-03-21 01:00:00,BTC-USD,-0.2792042259538124
2026-03-20 23:00:00,BTC-USD,-0.3693019773218123
2026-03-20 21:00:00,BTC-USD,0.6860706280996621
2026-03-20 19:00:00,BTC-USD,0.5929579799554665
2026-03-20 16:00:00,BTC-USD,0.0063857567429285575
2026-03-20 15:00:00,BTC-USD,0.10613354185127638
2026-03-20 12:00:00,BTC-USD,-0.21704377269279165
2026-03-20 09:00:00,BTC-USD,-0.6083646759160986
2026-03-20 06:00:00,BTC-USD,-0.1516290493810436
2026-03-20 03:00:00,BTC-USD,0.4601933271246487
2026-03-20 02:00:00,BTC-USD,0.08914218439320086
2026-03-19 21:00:00,BTC-USD,-0.028399760480209698
2026-03-19 20:00:00,BTC-USD,0.3038293210913755
2026-03-19 18:00:00,BTC-USD,-0.010692521990133352
2026-03-19 16:00:00,BTC-USD,0.05673770357689473
2026-03-19 15:00:00,BTC-USD,-0.033438053448958185
2026-03-19 13:00:00,BTC-USD,0.8793889108508103
2026-03-19 11:00:00,BTC-USD,-0.313281002499208
2026-03-19 10:00:00,BTC-USD,-0.5344152920456288
2026-03-19 09:00:00,BTC-USD,0.7172618678878647
2026-03-19 08:00:00,BTC-USD,-0.31462484726138834
2026-03-19 07:00:00,BTC-USD,-0.4183601822462717
2026-03-19 06:00:00,BTC-USD,-0.41725995034615415
2026-03-19 04:00:00,BTC-USD,-0.4436678518669787
2026-03-19 03:00:00,BTC-USD,0.22937219654524552
2026-03-19 01:00:00,BTC-USD,0.11576139365767413
2026-03-18 23:00:00,BTC-USD,0.18921606829355428
2026-03-18 18:00:00,BTC-USD,-1.0746690137663493
2026-03-18 16:00:00,BTC-USD,-0.17098420555542315
2026-03-18 13:00:00,BTC-USD,-0.3065126727397001
2026-03-18 12:00:00,BTC-USD,-0.7484676654019914
2026-03-18 09:00:00,BTC-USD,0.15507879083071457
2026-03-18 05:00:00,BTC-USD,-0.3155867436507216
2026-03-18 03:00:00,BTC-USD,0.22913014815177524
2026-03-18 02:00:00,BTC-USD,0.3546603342247117
2026-03-18 01:00:00,BTC-USD,0.31025095161428323
2026-03-18 00:00:00,BTC-USD,-0.07317596362441339
2026-03-17 23:00:00,BTC-USD,-0.5275324315776563
2026-03-17 21:00:00,BTC-USD,0.20588938376445987
2026-03-17 19:00:00,BTC-USD,-0.2146229445351451
2026-06-15 14:00:00,AMZN,-0.25326201600274634
2026-06-15 11:00:00,AMZN,-0.01828190625045914
2026-06-15 10:00:00,AMZN,0.38994046704725466
2026-06-12 15:00:00,AMZN,0.6239517832731092
2026-06-12 14:00:00,AMZN,-0.2624268080662445
2026-06-12 13:00:00,AMZN,0.23258893259973448
2026-06-11 12:00:00,AMZN,0.012671078900475185
2026-06-10 15:00:00,AMZN,-0.6233676863670798
2026-06-10 13:00:00,AMZN,-0.2592169647015292
2026-06-10 12:00:00,AMZN,-0.11484794770228593
2026-06-10 11:00:00,AMZN,-0.6060382265881055
2026-06-09 13:00:00,AMZN,0.08630968041272609
2026-06-09 12:00:00,AMZN,0.2554636933550456
2026-06-08 15:00:00,AMZN,0.18422112431793178
2026-06-08 14:00:00,AMZN,-0.6184096404211225
2026-06-08 12:00:00,AMZN,0.0
2026-06-08 10:00:00,AMZN,0.08114178633079552
2026-06-05 14:00:00,AMZN,-1.7918433017425746
2026-06-05 10:00:00,AMZN,-0.06299356775959646
2026-06-04 14:00:00,AMZN,0.12973300207937521
2026-06-04 12:00:00,AMZN,-0.6925983289130053
2026-06-03 13:00:00,AMZN,-0.38948050946280793
2026-06-03 11:00:00,AMZN,-0.9615225545093019
2026-06-02 15:00:00,AMZN,-0.07942396698005913
2026-06-02 14:00:00,AMZN,0.2057288988984673
2026-06-01 13:00:00,AMZN,-0.32543951525925335
2026-05-29 14:00:00,AMZN,-0.21569219811952856
2026-05-29 13:00:00,AMZN,-0.2133794111604
2026-05-28 15:00:00,AMZN,0.5006290882199831
2026-05-28 12:00:00,AMZN,-0.11863107477988878
2026-05-27 14:00:00,AMZN,-0.18118260240777867
2026-05-27 13:00:00,AMZN,-0.19923918870667148
2026-05-27 12:00:00,AMZN,-0.022132787946614274
2026-05-27 11:00:00,AMZN,0.4391075543235866
2026-05-27 10:00:00,AMZN,1.4052304481388633
2026-05-26 15:00:00,AMZN,0.37985260309390684
2026-05-26 13:00:00,AMZN,-0.6778537869785969
2026-05-22 13:00:00,AMZN,0.4119409519068125
2026-05-22 12:00:00,AMZN,-0.3121734725020253
2026-05-22 11:00:00,AMZN,0.19738511043200824
2026-05-21 15:00:00,AMZN,-0.18291696984396474
2026-05-21 11:00:00,AMZN,0.3982622168992496
2026-05-20 15:00:00,AMZN,0.1364368347302004
2026-05-20 11:00:00,AMZN,0.7437851735818849
2026-05-19 15:00:00,AMZN,-0.025073265730472517
2026-05-19 14:00:00,AMZN,0.3250759898342449
2026-05-19 12:00:00,AMZN,0.172004369573116
2026-05-19 11:00:00,AMZN,-0.4861921315928383
2026-05-19 10:00:00,AMZN,-1.87958798821925
2026-05-18 15:00:00,AMZN,0.1441104627760545
2026-05-18 13:00:00,AMZN,0.24191861571189244
2026-05-18 12:00:00,AMZN,-0.5246883963182855
2026-05-15 14:00:00,AMZN,0.17281142713678393
2026-05-15 13:00:00,AMZN,0.22075706455128913
2026-05-15 11:00:00,AMZN,0.243358469892469
2026-05-15 10:00:00,AMZN,0.13519592950194137
2026-05-14 15:00:00,AMZN,0.11950381868606201
2026-05-14 14:00:00,AMZN,-0.3553504584705656
2026-05-14 11:00:00,AMZN,-0.005597255042288915
2026-05-13 15:00:00,AMZN,-0.046251755895518006
2026-05-13 14:00:00,AMZN,0.27082453276257895
2026-05-13 13:00:00,AMZN,0.012988854272076071
2026-05-13 12:00:00,AMZN,0.9287735332058397
2026-05-12 15:00:00,AMZN,0.29499594133875456
2026-05-12 14:00:00,AMZN,0.09652877622628858
2026-05-12 12:00:00,AMZN,-0.4754868543837369
2026-05-11 11:00:00,AMZN,0.21693833612234817
2026-05-11 10:00:00,AMZN,0.787518323157791
2026-05-08 14:00:00,AMZN,0.04221528991193496
2026-05-08 12:00:00,AMZN,0.018361314209387195
2026-05-08 11:00:00,AMZN,0.17803180307612337
2026-05-08 10:00:00,AMZN,0.290839940625375
2026-05-07 15:00:00,AMZN,-0.23292161869050743
2026-05-07 13:00:00,AMZN,-0.41454378296839456
2026-05-07 12:00:00,AMZN,-0.27621456535003275
2026-05-07 11:00:00,AMZN,-0.016455557713905503
2026-05-07 10:00:00,AMZN,-0.6018177379261364
2026-05-06 15:00:00,AMZN,-0.016292684209229878
2026-05-06 14:00:00,AMZN,-0.03980169591658889
2026-05-06 12:00:00,AMZN,0.6868601591115283
2026-05-06 10:00:00,AMZN,0.43423998496990623
2026-05-04 14:00:00,AMZN,-0.16933427500295162
2026-05-01 15:00:00,AMZN,-0.2929863900029472
2026-05-01 14:00:00,AMZN,0.08905916991098388
2026-05-01 12:00:00,AMZN,-0.187382376454229
2026-05-01 11:00:00,AMZN,-0.7145206440625936
2026-04-30 15:00:00,AMZN,1.2349523299490568
2026-04-30 13:00:00,AMZN,0.3067479605093945
2026-04-30 10:00:00,AMZN,-5.123798825860137
2026-04-29 14:00:00,AMZN,0.5150925721618064
2026-04-28 14:00:00,AMZN,0.643337468496925
2026-04-28 12:00:00,AMZN,0.23888229050442897
2026-04-28 11:00:00,AMZN,-0.1692447199063273
2026-04-28 10:00:00,AMZN,0.6036674706040112
2026-04-27 13:00:00,AMZN,-0.12543203174255171
2026-04-27 11:00:00,AMZN,-0.3318249042808299
2026-04-24 14:00:00,AMZN,0.19989105513381766
2026-04-24 13:00:00,AMZN,0.10671905496351197
2026-04-24 11:00:00,AMZN,0.25696611675566555
2026-04-24 10:00:00,AMZN,0.33284216489262014
2026-04-23 13:00:00,AMZN,-0.8620113229359824
2026-04-23 11:00:00,AMZN,0.6433211163963849
2026-04-22 15:00:00,AMZN,0.2520873551833483
2026-04-22 13:00:00,AMZN,0.108701421206397
2026-04-21 15:00:00,AMZN,0.11946601528795557
2026-04-21 14:00:00,AMZN,-0.18880541003616294
2026-04-21 13:00:00,AMZN,-0.1534740436107792
2026-04-21 11:00:00,AMZN,-0.17219240331681882
2026-04-20 14:00:00,AMZN,0.08267221750675259
2026-04-17 15:00:00,AMZN,-0.5436488560267857
2026-04-17 13:00:00,AMZN,0.18051082085754722
2026-04-17 12:00:00,AMZN,-0.3404468148242103
2026-04-17 11:00:00,AMZN,-0.12971260025331952
2026-04-16 10:00:00,AMZN,-1.3756137483052344
2026-04-15 15:00:00,AMZN,0.08449680165299861
2026-04-15 14:00:00,AMZN,0.03043343351286705
2026-04-15 13:00:00,AMZN,-0.21086632683067164
2026-04-15 12:00:00,AMZN,0.4904320299307294
2026-04-15 10:00:00,AMZN,-0.5096325393313357
2026-04-14 15:00:00,AMZN,-0.026047862396847254
2026-04-14 14:00:00,AMZN,-0.20195348626049953
2026-04-14 11:00:00,AMZN,0.6224061238753922
2026-04-13 15:00:00,AMZN,-0.06492911297934119
2026-04-13 12:00:00,AMZN,0.43092318752805375
2026-04-13 10:00:00,AMZN,-0.06743526751305666
2026-04-10 14:00:00,AMZN,-0.31429408903055317
2026-04-10 13:00:00,AMZN,0.2984099254921125
2026-04-10 12:00:00,AMZN,-0.582903321815069
2026-04-10 11:00:00,AMZN,0.11663470293196701
2026-04-09 15:00:00,AMZN,0.30651300109566326
2026-04-09 14:00:00,AMZN,0.09510126926964414
2026-04-09 10:00:00,AMZN,0.04053803019838553
2026-04-08 15:00:00,AMZN,-0.6534055982193332
2026-04-08 12:00:00,AMZN,0.46628432484893695
2026-04-08 10:00:00,AMZN,-1.1833567591242706
2026-04-07 15:00:00,AMZN,0.0635432710498667
2026-04-07 13:00:00,AMZN,0.17955248719920686
2026-04-07 12:00:00,AMZN,0.7184364916951471
2026-04-07 11:00:00,AMZN,-0.1923390756303739
2026-04-06 14:00:00,AMZN,0.05899009136407241
2026-04-06 13:00:00,AMZN,-0.413575001344592
2026-04-06 12:00:00,AMZN,0.18835483565025707
2026-04-06 10:00:00,AMZN,1.2253227796894712
2026-04-02 13:00:00,AMZN,0.1576843620888501
2026-04-02 10:00:00,AMZN,1.1571045046412056
2026-04-01 15:00:00,AMZN,0.5842654866884609
2026-04-01 13:00:00,AMZN,-0.22303897299759654
2026-04-01 12:00:00,AMZN,0.4230049773926268
2026-04-01 11:00:00,AMZN,0.6097289025430012
2026-04-01 10:00:00,AMZN,0.14969108991413863
2026-03-31 14:00:00,AMZN,-0.22710722014196646
2026-03-31 13:00:00,AMZN,1.3642543817809138
2026-03-31 11:00:00,AMZN,-0.0921447353143958
2026-03-30 15:00:00,AMZN,-0.4229727682711958
2026-03-30 14:00:00,AMZN,-0.3718577970754328
2026-03-30 12:00:00,AMZN,-0.20389138567913256
2026-03-30 11:00:00,AMZN,0.8293182745390917
2026-03-27 14:00:00,AMZN,-0.18424975723618525
2026-03-27 13:00:00,AMZN,0.054803013990922876
2026-03-27 12:00:00,AMZN,-0.17902462425164853
2026-03-27 11:00:00,AMZN,-0.06957182955864769
2026-03-26 14:00:00,AMZN,-0.5065699204749103
2026-03-26 13:00:00,AMZN,-0.5607530850411219
2026-03-25 10:00:00,AMZN,0.09923765178753234
2026-03-24 14:00:00,AMZN,0.161698390631495
2026-03-24 12:00:00,AMZN,0.25254660580767646
2026-03-24 11:00:00,AMZN,0.0813586632322087
2026-03-24 10:00:00,AMZN,-0.07936757846530716
2026-03-23 15:00:00,AMZN,-0.03322291373063632
2026-03-23 11:00:00,AMZN,-0.033011421606507885
2026-03-20 12:00:00,AMZN,0.26909347623442814
2026-03-20 10:00:00,AMZN,-0.3614457831325301
2026-03-19 15:00:00,AMZN,0.3811972906741073
2026-03-19 10:00:00,AMZN,-0.08210092289661429
2026-03-18 15:00:00,AMZN,-0.6300638846597736
2026-03-18 12:00:00,AMZN,-0.1465123375510494
2026-06-15 14:00:00,GOOG,-0.05951769613264595
2026-06-15 13:00:00,GOOG,0.16252615098437173
2026-06-15 10:00:00,GOOG,0.3376194412729901
2026-06-12 13:00:00,GOOG,0.3420127497845449
2026-06-12 10:00:00,GOOG,-0.27554558304334875
2026-06-11 13:00:00,GOOG,0.7900937678270553
2026-06-11 11:00:00,GOOG,-0.22426538184989664
2026-06-10 15:00:00,GOOG,0.016931722184371296
2026-06-10 13:00:00,GOOG,-0.46166266046297477
2026-06-10 10:00:00,GOOG,1.208296173758384
2026-06-09 15:00:00,GOOG,-0.31121895238361796
2026-06-09 14:00:00,GOOG,0.754696371650431
2026-06-09 13:00:00,GOOG,0.5986405705358833
2026-06-09 11:00:00,GOOG,-1.922022953894494
2026-06-08 14:00:00,GOOG,0.09960047519819837
2026-06-08 10:00:00,GOOG,-0.8952081460809429
2026-06-05 14:00:00,GOOG,-0.6291699842013451
2026-06-05 10:00:00,GOOG,1.1249852473748723
2026-06-04 14:00:00,GOOG,-0.06423232219989594
2026-06-04 13:00:00,GOOG,0.37062238609259157
2026-06-04 12:00:00,GOOG,0.12914793890178203
2026-06-03 15:00:00,GOOG,0.15167495647081333
2026-06-03 14:00:00,GOOG,-0.5308728496469076
2026-06-03 12:00:00,GOOG,-0.13205619843979732
2026-06-03 10:00:00,GOOG,-0.1883678147723869
2026-06-02 14:00:00,GOOG,-0.7678397166973511
2026-06-02 13:00:00,GOOG,0.04246829808232525
2026-06-01 15:00:00,GOOG,0.2825942431078876
2026-06-01 14:00:00,GOOG,-0.19247766637411173
2026-06-01 12:00:00,GOOG,-0.19041885910875864
2026-06-01 10:00:00,GOOG,-0.05936598894458059
2026-05-29 14:00:00,GOOG,0.10552118869011227
2026-05-29 11:00:00,GOOG,-0.026292191315575943
2026-05-28 14:00:00,GOOG,0.11398731387131847
2026-05-28 13:00:00,GOOG,0.07778354098690142
2026-05-28 11:00:00,GOOG,-0.006480307066857937
2026-05-27 15:00:00,GOOG,-0.5238239628469352
2026-05-27 14:00:00,GOOG,0.5252567591588468
2026-05-27 13:00:00,GOOG,-0.24136755304130364
2026-05-27 11:00:00,GOOG,0.06316504329225808
2026-05-26 15:00:00,GOOG,0.14243131750364374
2026-05-26 14:00:00,GOOG,0.18720367142603508
2026-05-26 11:00:00,GOOG,-0.3350726628707627
2026-05-26 10:00:00,GOOG,0.6574902334457186
2026-05-22 13:00:00,GOOG,0.026133962869331864
2026-05-21 14:00:00,GOOG,0.02198860524421524
2026-05-20 10:00:00,GOOG,-0.794350643501658
2026-05-19 12:00:00,GOOG,0.25270978271093
2026-05-19 10:00:00,GOOG,-1.7230179517629143
2026-05-18 14:00:00,GOOG,-0.8459111701731611
2026-05-18 12:00:00,GOOG,-0.395379037188842
2026-05-18 11:00:00,GOOG,-0.9252583841934349
2026-05-15 13:00:00,GOOG,0.07879958398660268
2026-05-15 10:00:00,GOOG,0.35286350214348317
2026-05-14 15:00:00,GOOG,0.2449065071239015
2026-05-14 12:00:00,GOOG,0.3671862127848469
2026-05-14 11:00:00,GOOG,0.4554149855017236
2026-05-14 10:00:00,GOOG,-0.2208501848965681
2026-05-13 12:00:00,GOOG,0.5635808179696323
2026-05-13 11:00:00,GOOG,0.7496673443347082
2026-05-12 15:00:00,GOOG,0.08885076429122794
2026-05-12 14:00:00,GOOG,0.3922018851758287
2026-05-12 13:00:00,GOOG,-0.5297491426488078
2026-05-12 11:00:00,GOOG,0.3621904874820914
2026-05-12 10:00:00,GOOG,-0.33913262403540956
2026-05-11 15:00:00,GOOG,-0.35203782087389096
2026-05-11 14:00:00,GOOG,-0.1846442947808987
2026-05-11 12:00:00,GOOG,0.11142990904749585
2026-05-11 11:00:00,GOOG,0.15646667744325557
2026-05-11 10:00:00,GOOG,-0.20732487484504533
2026-05-08 15:00:00,GOOG,-0.018943672169965276
2026-05-08 13:00:00,GOOG,-0.18721133780520957
2026-05-08 12:00:00,GOOG,-0.1868379131789306
2026-05-08 10:00:00,GOOG,0.5203851698273474
2026-05-07 13:00:00,GOOG,0.329092215888106
2026-05-07 12:00:00,GOOG,-0.4937569196584033
2026-05-07 10:00:00,GOOG,-0.7200986409969767
2026-05-06 13:00:00,GOOG,-0.3812578333921761
2026-05-06 12:00:00,GOOG,0.9276286200447139
2026-05-06 10:00:00,GOOG,0.16800896131419227
2026-05-05 15:00:00,GOOG,0.3371364572488771
2026-05-05 12:00:00,GOOG,-0.3273268573561453
2026-05-05 11:00:00,GOOG,0.12944711027125397
2026-05-04 15:00:00,GOOG,-0.30453483787692004
2026-05-04 12:00:00,GOOG,0.29402102443759615
2026-05-01 13:00:00,GOOG,0.4699912339884071
2026-05-01 11:00:00,GOOG,0.12585260701371492
2026-04-30 15:00:00,GOOG,-0.7397436766745742
2026-04-30 14:00:00,GOOG,0.1628993975945638
2026-04-30 12:00:00,GOOG,0.1368337084366894
2026-04-29 15:00:00,GOOG,0.5198786381440405
2026-04-29 14:00:00,GOOG,-0.02015875502903379
2026-04-29 10:00:00,GOOG,1.693289162876924
2026-04-28 15:00:00,GOOG,0.020131127121000365
2026-04-28 13:00:00,GOOG,-0.09512223656004778
2026-04-28 12:00:00,GOOG,-0.4290538131995618
2026-04-28 10:00:00,GOOG,0.6917804592142187
2026-04-27 15:00:00,GOOG,-0.07277847958823198
2026-04-27 13:00:00,GOOG,0.1473723130598015
2026-04-27 10:00:00,GOOG,1.388725554717608
2026-04-24 15:00:00,GOOG,0.1727054464971337
2026-04-24 14:00:00,GOOG,0.14952790714882436
2026-04-24 12:00:00,GOOG,0.8768307776333327
2026-04-23 13:00:00,GOOG,-0.734510393620944
2026-04-22 12:00:00,GOOG,-0.15501699555428106
2026-04-22 10:00:00,GOOG,0.3210002413083432
2026-04-21 15:00:00,GOOG,0.4837270343144673
2026-04-21 14:00:00,GOOG,-0.12983654969827976
2026-04-20 14:00:00,GOOG,0.014875776825953955
2026-04-20 12:00:00,GOOG,-0.047515491699697016
2026-04-17 15:00:00,GOOG,-0.08549276100414545
2026-04-17 13:00:00,GOOG,0.2645939475450029
2026-04-17 12:00:00,GOOG,0.23543691660310923
2026-04-17 10:00:00,GOOG,-0.0970833602274936
2026-04-16 14:00:00,GOOG,-0.3605203775352622
2026-04-16 12:00:00,GOOG,0.41033789715264324
2026-04-16 11:00:00,GOOG,-0.035918080103712995
2026-04-16 10:00:00,GOOG,-0.5314883518445438
2026-04-15 15:00:00,GOOG,0.17441500861062836
2026-04-15 14:00:00,GOOG,-0.00450582811890027
2026-04-15 10:00:00,GOOG,0.41293267317774807
2026-04-14 13:00:00,GOOG,0.006054707937527985
2026-04-14 12:00:00,GOOG,0.5390320545634267
2026-04-10 15:00:00,GOOG,0.15234091589927196
2026-04-10 14:00:00,GOOG,0.057127772586693215
2026-04-10 13:00:00,GOOG,-0.24578381869064733
2026-04-10 12:00:00,GOOG,-0.2149290932696964
2026-04-10 10:00:00,GOOG,-0.2577666719492686
2026-04-08 13:00:00,GOOG,-0.12025470975079114
2026-04-08 11:00:00,GOOG,-0.11134018416567434
2026-04-08 10:00:00,GOOG,-1.0949973295558535
2026-04-07 14:00:00,GOOG,0.1063818778684099
2026-04-07 12:00:00,GOOG,0.7260073130663652
2026-04-07 10:00:00,GOOG,-0.5763719819853254
2026-04-06 14:00:00,GOOG,0.3263689810541702
2026-04-06 12:00:00,GOOG,0.3839421501834028
2026-04-06 11:00:00,GOOG,-0.3975984502442033
2026-04-02 14:00:00,GOOG,-0.2853927143724393
2026-04-02 10:00:00,GOOG,1.1073090124803266
2026-04-01 14:00:00,GOOG,-0.9297033144057067
2026-04-01 12:00:00,GOOG,0.387170262670485
2026-04-01 11:00:00,GOOG,0.10028330786570937
2026-03-31 15:00:00,GOOG,-0.13982867227090853
2026-03-31 10:00:00,GOOG,1.2705149819408736
2026-03-30 15:00:00,GOOG,-0.2714962727485057
2026-03-30 14:00:00,GOOG,-0.3090940103923637
2026-03-30 13:00:00,GOOG,-0.04387390025137111
2026-03-30 12:00:00,GOOG,0.0548604273711006
2026-03-30 11:00:00,GOOG,0.054884515274812855
2026-03-27 13:00:00,GOOG,-0.6481545634534532
2026-03-27 12:00:00,GOOG,-0.6654368887702338
2026-03-27 11:00:00,GOOG,0.1224550136375602
2026-03-26 15:00:00,GOOG,0.21033737536207664
2026-03-26 13:00:00,GOOG,-0.4146918218942677
2026-03-26 10:00:00,GOOG,-0.4104231038655306
2026-03-25 15:00:00,GOOG,0.0503129524936463
2026-03-25 11:00:00,GOOG,0.05178631711727962
2026-03-25 10:00:00,GOOG,-0.7164391639740263
2026-03-24 15:00:00,GOOG,-0.4638718033117282
2026-03-24 14:00:00,GOOG,0.2756992805128972
2026-03-24 11:00:00,GOOG,-0.0443611833397723
2026-03-23 15:00:00,GOOG,0.18719624603687185
2026-03-23 11:00:00,GOOG,-0.33566963164749
2026-03-20 15:00:00,GOOG,-0.17398455085886663
2026-03-20 14:00:00,GOOG,-0.23895339047313463
2026-03-20 12:00:00,GOOG,0.24963027907572818
2026-03-19 15:00:00,GOOG,0.4868457191868832
2026-03-19 13:00:00,GOOG,0.019723387021208762
2026-03-18 14:00:00,GOOG,-0.06831093326313645
2026-03-18 13:00:00,GOOG,-0.4017333699420348
2026-03-18 10:00:00,GOOG,-0.0860603536512614
